{"bestValAcc":0.8600000143051147,"bestEpoch":3,"bestLoss":0.12966111302375793,"bestAcc":0.9956896305084229}